<?xml version="1.0" encoding="UTF-8"?>
<export version="E">
  <design>
    <source>C:\Users\obradley\OneDrive - Olin College of Engineering\Desktop\Classes Year 4\Eclectronics\MP1\MP1.kicad_sch</source>
    <date>9/12/2022 8:59:48 PM</date>
    <tool>Eeschema (6.0.7)</tool>
    <sheet number="1" name="/" tstamps="/">
      <title_block>
        <title/>
        <company/>
        <rev/>
        <date/>
        <source>MP1.kicad_sch</source>
        <comment number="1" value=""/>
        <comment number="2" value=""/>
        <comment number="3" value=""/>
        <comment number="4" value=""/>
        <comment number="5" value=""/>
        <comment number="6" value=""/>
        <comment number="7" value=""/>
        <comment number="8" value=""/>
        <comment number="9" value=""/>
      </title_block>
    </sheet>
  </design>
  <components>
    <comp ref="C1">
      <value>1 uF</value>
      <footprint>CAPC1608X90</footprint>
      <libsource lib="SnapEDA-Library" part="C0603C105K3RACTU" description=""/>
      <property name="Sheetname" value=""/>
      <property name="Sheetfile" value="MP1.kicad_sch"/>
      <sheetpath names="/" tstamps="/"/>
      <tstamps>cbed17d5-cdc4-4dfb-b5b3-62f526cbd029</tstamps>
    </comp>
    <comp ref="C2">
      <value>0.1 uF</value>
      <footprint>CC0603JRX7R9BB104_CAPC1608X90</footprint>
      <libsource lib="SnapEDA-Library" part="CC0603JRX7R9BB104" description=""/>
      <property name="Sheetname" value=""/>
      <property name="Sheetfile" value="MP1.kicad_sch"/>
      <sheetpath names="/" tstamps="/"/>
      <tstamps>71c0780f-ec4b-46ce-85b5-c4d9b8647e7c</tstamps>
    </comp>
    <comp ref="C3">
      <value>1 uF</value>
      <footprint>CAPC1608X90</footprint>
      <libsource lib="SnapEDA-Library" part="C0603C105K3RACTU" description=""/>
      <property name="Sheetname" value=""/>
      <property name="Sheetfile" value="MP1.kicad_sch"/>
      <sheetpath names="/" tstamps="/"/>
      <tstamps>d45ea308-4c15-407c-84d2-ce1e8af07a23</tstamps>
    </comp>
    <comp ref="D1">
      <value>Green LED</value>
      <footprint>DIOC200X125X110</footprint>
      <fields>
        <field name="MANUFACTURER">LiteOn</field>
      </fields>
      <libsource lib="SnapEDA-Library" part="LTST-C170TGKT" description=""/>
      <property name="MANUFACTURER" value="LiteOn"/>
      <property name="Sheetname" value=""/>
      <property name="Sheetfile" value="MP1.kicad_sch"/>
      <sheetpath names="/" tstamps="/"/>
      <tstamps>ee408925-95ae-424b-a947-aff5d545c879</tstamps>
    </comp>
    <comp ref="J1">
      <value>USB A</value>
      <footprint>MOLEX_48037-0001</footprint>
      <fields>
        <field name="MANUFACTURER">Molex</field>
        <field name="MAXIMUM_PACKAGE_HEIGHT">4.6mm</field>
        <field name="PARTREV">D</field>
        <field name="STANDARD">Manufacturer Recommendations</field>
      </fields>
      <libsource lib="SnapEDA-Library" part="48037-0001" description=""/>
      <property name="STANDARD" value="Manufacturer Recommendations"/>
      <property name="MANUFACTURER" value="Molex"/>
      <property name="MAXIMUM_PACKAGE_HEIGHT" value="4.6mm"/>
      <property name="PARTREV" value="D"/>
      <property name="Sheetname" value=""/>
      <property name="Sheetfile" value="MP1.kicad_sch"/>
      <sheetpath names="/" tstamps="/"/>
      <tstamps>865662aa-0ec1-498a-b594-5d9592d3a9e2</tstamps>
    </comp>
    <comp ref="R1">
      <value>1.43K Ohms</value>
      <footprint>RC0603FR-071K43L_RESC1608X55N</footprint>
      <libsource lib="SnapEDA-Library" part="RC0603FR-071K43L" description=""/>
      <property name="Sheetname" value=""/>
      <property name="Sheetfile" value="MP1.kicad_sch"/>
      <sheetpath names="/" tstamps="/"/>
      <tstamps>727059fc-5bc5-4707-a41c-1d4dda54d38a</tstamps>
    </comp>
    <comp ref="R2">
      <value>3.01K Ohms</value>
      <footprint>RESC1608X60N</footprint>
      <fields>
        <field name="MPN">RC0603FR-073K01L</field>
        <field name="OC_FARNELL">-</field>
        <field name="OC_NEWARK">77M0515</field>
        <field name="SUPPLIER">Yageo</field>
        <field name="TOLERANCE">±1%</field>
        <field name="VALUE">3.01K Ohms</field>
        <field name="WATTAGE">1/10 W</field>
      </fields>
      <libsource lib="SnapEDA-Library" part="RC0603FR-073K01L" description=""/>
      <property name="SUPPLIER" value="Yageo"/>
      <property name="WATTAGE" value="1/10 W"/>
      <property name="TOLERANCE" value="±1%"/>
      <property name="OC_NEWARK" value="77M0515"/>
      <property name="MPN" value="RC0603FR-073K01L"/>
      <property name="VALUE" value="3.01K Ohms"/>
      <property name="OC_FARNELL" value="-"/>
      <property name="Sheetname" value=""/>
      <property name="Sheetfile" value="MP1.kicad_sch"/>
      <sheetpath names="/" tstamps="/"/>
      <tstamps>dc48b49e-0abf-4f5c-aa1f-52d304b2d41b</tstamps>
    </comp>
    <comp ref="R3">
      <value>1.43K Ohms</value>
      <footprint>RC0603FR-071K43L_RESC1608X55N</footprint>
      <libsource lib="SnapEDA-Library" part="RC0603FR-071K43L" description=""/>
      <property name="Sheetname" value=""/>
      <property name="Sheetfile" value="MP1.kicad_sch"/>
      <sheetpath names="/" tstamps="/"/>
      <tstamps>46f6ff16-86ec-4f0c-8383-8fbbffafbf53</tstamps>
    </comp>
    <comp ref="R4">
      <value>1.43K Ohms</value>
      <footprint>RC0603FR-071K43L_RESC1608X55N</footprint>
      <libsource lib="SnapEDA-Library" part="RC0603FR-071K43L" description=""/>
      <property name="Sheetname" value=""/>
      <property name="Sheetfile" value="MP1.kicad_sch"/>
      <sheetpath names="/" tstamps="/"/>
      <tstamps>a4aa1ad9-7f47-44d7-98a0-df1e3d0694e2</tstamps>
    </comp>
    <comp ref="R5">
      <value>3.01M Ohms</value>
      <footprint>RESC1608X55N</footprint>
      <libsource lib="SnapEDA-Library" part="RC0603FR-073M01L" description=""/>
      <property name="Sheetname" value=""/>
      <property name="Sheetfile" value="MP1.kicad_sch"/>
      <sheetpath names="/" tstamps="/"/>
      <tstamps>00b0ebc5-68b8-410a-977b-4881f4a6adef</tstamps>
    </comp>
    <comp ref="U1">
      <value>Op Amp</value>
      <footprint>SOT95P270X145-5N</footprint>
      <libsource lib="SnapEDA-Library" part="MCP6021T-E{slash}OT" description=""/>
      <property name="Sheetname" value=""/>
      <property name="Sheetfile" value="MP1.kicad_sch"/>
      <sheetpath names="/" tstamps="/"/>
      <tstamps>5176c4d5-6ff7-4d74-9427-1eb1c322add4</tstamps>
    </comp>
    <comp ref="U2">
      <value>LinReg</value>
      <footprint>SOT95P255X145-3N</footprint>
      <fields>
        <field name="MPN">MCP1702T-3302E/CB</field>
        <field name="OC_FARNELL">1331490</field>
        <field name="OC_NEWARK">84R5179</field>
        <field name="PACKAGE">SOT23-3</field>
        <field name="SUPPLIER">Microchip</field>
      </fields>
      <libsource lib="SnapEDA-Library" part="MCP1702T-3302E{slash}CB" description=""/>
      <property name="SUPPLIER" value="Microchip"/>
      <property name="OC_FARNELL" value="1331490"/>
      <property name="OC_NEWARK" value="84R5179"/>
      <property name="PACKAGE" value="SOT23-3"/>
      <property name="MPN" value="MCP1702T-3302E/CB"/>
      <property name="Sheetname" value=""/>
      <property name="Sheetfile" value="MP1.kicad_sch"/>
      <sheetpath names="/" tstamps="/"/>
      <tstamps>30c95027-a313-46ca-b2b6-f41140f33845</tstamps>
    </comp>
  </components>
  <libparts>
    <libpart lib="SnapEDA-Library" part="48037-0001">
      <fields>
        <field name="Reference">J</field>
        <field name="Value">48037-0001</field>
        <field name="Footprint">MOLEX_48037-0001</field>
        <field name="STANDARD">Manufacturer Recommendations</field>
        <field name="MANUFACTURER">Molex</field>
        <field name="MAXIMUM_PACKAGE_HEIGHT">4.6mm</field>
        <field name="PARTREV">D</field>
      </fields>
      <pins>
        <pin num="1" name="VCC" type="power_in"/>
        <pin num="2" name="D-" type="bidirectional"/>
        <pin num="3" name="D+" type="bidirectional"/>
        <pin num="4" name="GND" type="power_in"/>
        <pin num="S1" name="SHIELD" type="passive"/>
        <pin num="S2" name="SHIELD" type="passive"/>
      </pins>
    </libpart>
    <libpart lib="SnapEDA-Library" part="C0603C105K3RACTU">
      <fields>
        <field name="Reference">C</field>
        <field name="Value">C0603C105K3RACTU</field>
        <field name="Footprint">CAPC1608X90</field>
      </fields>
      <pins>
        <pin num="1" name="" type="passive"/>
        <pin num="2" name="" type="passive"/>
      </pins>
    </libpart>
    <libpart lib="SnapEDA-Library" part="CC0603JRX7R9BB104">
      <fields>
        <field name="Reference">C</field>
        <field name="Value">CC0603JRX7R9BB104</field>
        <field name="Footprint">CC0603JRX7R9BB104_CAPC1608X90</field>
      </fields>
      <pins>
        <pin num="1" name="" type="passive"/>
        <pin num="2" name="" type="passive"/>
      </pins>
    </libpart>
    <libpart lib="SnapEDA-Library" part="LTST-C170TGKT">
      <fields>
        <field name="Reference">D</field>
        <field name="Value">LTST-C170TGKT</field>
        <field name="Footprint">DIOC200X125X110</field>
        <field name="MANUFACTURER">LiteOn</field>
      </fields>
      <pins>
        <pin num="+" name="" type="passive"/>
        <pin num="-" name="" type="passive"/>
      </pins>
    </libpart>
    <libpart lib="SnapEDA-Library" part="MCP1702T-3302E{slash}CB">
      <fields>
        <field name="Reference">U</field>
        <field name="Value">MCP1702T-3302E{slash}CB</field>
        <field name="Footprint">SOT95P255X145-3N</field>
        <field name="SUPPLIER">Microchip</field>
        <field name="OC_FARNELL">1331490</field>
        <field name="OC_NEWARK">84R5179</field>
        <field name="PACKAGE">SOT23-3</field>
        <field name="MPN">MCP1702T-3302E/CB</field>
      </fields>
      <pins>
        <pin num="1" name="GND" type="passive"/>
        <pin num="2" name="VOUT" type="output"/>
        <pin num="3" name="VIN" type="input"/>
      </pins>
    </libpart>
    <libpart lib="SnapEDA-Library" part="MCP6021T-E{slash}OT">
      <fields>
        <field name="Reference">U</field>
        <field name="Value">MCP6021T-E{slash}OT</field>
        <field name="Footprint">SOT95P270X145-5N</field>
      </fields>
      <pins>
        <pin num="1" name="VOUT" type="output"/>
        <pin num="2" name="VSS" type="power_in"/>
        <pin num="3" name="VIN+" type="input"/>
        <pin num="4" name="VIN-" type="input"/>
        <pin num="5" name="VDD" type="power_in"/>
      </pins>
    </libpart>
    <libpart lib="SnapEDA-Library" part="RC0603FR-071K43L">
      <fields>
        <field name="Reference">R</field>
        <field name="Value">RC0603FR-071K43L</field>
        <field name="Footprint">RC0603FR-071K43L_RESC1608X55N</field>
      </fields>
      <pins>
        <pin num="1" name="" type="passive"/>
        <pin num="2" name="" type="passive"/>
      </pins>
    </libpart>
    <libpart lib="SnapEDA-Library" part="RC0603FR-073K01L">
      <fields>
        <field name="Reference">R</field>
        <field name="Value">RC0603FR-073K01L</field>
        <field name="Footprint">RESC1608X60N</field>
        <field name="SUPPLIER">Yageo</field>
        <field name="WATTAGE">1/10 W</field>
        <field name="TOLERANCE">±1%</field>
        <field name="OC_NEWARK">77M0515</field>
        <field name="MPN">RC0603FR-073K01L</field>
        <field name="VALUE">3.01K Ohms</field>
        <field name="OC_FARNELL">-</field>
      </fields>
      <pins>
        <pin num="1" name="" type="passive"/>
        <pin num="2" name="" type="passive"/>
      </pins>
    </libpart>
    <libpart lib="SnapEDA-Library" part="RC0603FR-073M01L">
      <fields>
        <field name="Reference">R</field>
        <field name="Value">RC0603FR-073M01L</field>
        <field name="Footprint">RESC1608X55N</field>
      </fields>
      <pins>
        <pin num="1" name="" type="passive"/>
        <pin num="2" name="" type="passive"/>
      </pins>
    </libpart>
  </libparts>
  <libraries>
    <library logical="SnapEDA-Library">
      <uri>C:\Users\obradley\OneDrive - Olin College of Engineering\Desktop\Classes Year 4\Eclectronics\KiCad Parts\SnapEDA-Library.lib</uri>
    </library>
  </libraries>
  <nets>
    <net code="1" name="GND">
      <node ref="C1" pin="2" pintype="passive"/>
      <node ref="C2" pin="2" pintype="passive"/>
      <node ref="C3" pin="2" pintype="passive"/>
      <node ref="D1" pin="-" pintype="passive"/>
      <node ref="J1" pin="4" pinfunction="GND" pintype="power_in"/>
      <node ref="R3" pin="2" pintype="passive"/>
      <node ref="U1" pin="2" pinfunction="VSS" pintype="power_in"/>
      <node ref="U2" pin="1" pinfunction="GND" pintype="passive"/>
    </net>
    <net code="2" name="Net-(C1-Pad1)">
      <node ref="C1" pin="1" pintype="passive"/>
      <node ref="J1" pin="1" pinfunction="VCC" pintype="power_in"/>
      <node ref="U2" pin="3" pinfunction="VIN" pintype="input"/>
    </net>
    <net code="3" name="Net-(C2-Pad1)">
      <node ref="C2" pin="1" pintype="passive"/>
      <node ref="R5" pin="1" pintype="passive"/>
      <node ref="U1" pin="4" pinfunction="VIN-" pintype="input"/>
    </net>
    <net code="4" name="Net-(D1-Pad+)">
      <node ref="D1" pin="+" pintype="passive"/>
      <node ref="R4" pin="2" pintype="passive"/>
      <node ref="R5" pin="2" pintype="passive"/>
      <node ref="U1" pin="1" pinfunction="VOUT" pintype="output"/>
    </net>
    <net code="5" name="Net-(R1-Pad2)">
      <node ref="R1" pin="2" pintype="passive"/>
      <node ref="R2" pin="2" pintype="passive"/>
      <node ref="R3" pin="1" pintype="passive"/>
    </net>
    <net code="6" name="Net-(R2-Pad1)">
      <node ref="R2" pin="1" pintype="passive"/>
      <node ref="R4" pin="1" pintype="passive"/>
      <node ref="U1" pin="3" pinfunction="VIN+" pintype="input"/>
    </net>
    <net code="7" name="VDD">
      <node ref="C3" pin="1" pintype="passive"/>
      <node ref="R1" pin="1" pintype="passive"/>
      <node ref="U1" pin="5" pinfunction="VDD" pintype="power_in"/>
      <node ref="U2" pin="2" pinfunction="VOUT" pintype="output"/>
    </net>
    <net code="8" name="unconnected-(J1-Pad2)">
      <node ref="J1" pin="2" pinfunction="D-" pintype="bidirectional+no_connect"/>
    </net>
    <net code="9" name="unconnected-(J1-Pad3)">
      <node ref="J1" pin="3" pinfunction="D+" pintype="bidirectional+no_connect"/>
    </net>
    <net code="10" name="unconnected-(J1-PadS1)">
      <node ref="J1" pin="S1" pinfunction="SHIELD" pintype="passive+no_connect"/>
      <node ref="J1" pin="S2" pinfunction="SHIELD" pintype="passive+no_connect"/>
    </net>
  </nets>
</export>
