Source:,C:\Users\obradley\OneDrive - Olin College of Engineering\Desktop\Classes Year 4\Eclectronics\MP1\MP1.kicad_sch,,,,,,,,,,,,,,,,,
Date:,9/12/2022 20:59,,,,,,,,,,,,,,,,,
Tool:,Eeschema (6.0.7),,,,,,,,,,,,,,,,,
Generator:,C:\Program Files\KiCad\6.0\bin\scripting\plugins/bom_csv_grouped_by_value.py,,,,,,,,,,,,,,,,,
Component Count:,12,,,,,,,,,,,,,,,,,
,,,,,,,,,,,,,,,,,,
Individual Components:,,,,,,,,,,,,,,,,,,
,,,,,,,,,,,,,,,,,,
Item,Qty,Reference(s),Value,LibPart,Footprint,Datasheet,MANUFACTURER,MAXIMUM_PACKAGE_HEIGHT,MPN,OC_FARNELL,OC_NEWARK,PACKAGE,PARTREV,STANDARD,SUPPLIER,TOLERANCE,VALUE,WATTAGE
,,C1,1 uF,SnapEDA-Library:C0603C105K3RACTU,CAPC1608X90,,,,,,,,,,,,,
,,C2,0.1 uF,SnapEDA-Library:CC0603JRX7R9BB104,CC0603JRX7R9BB104_CAPC1608X90,,,,,,,,,,,,,
,,C3,1 uF,SnapEDA-Library:C0603C105K3RACTU,CAPC1608X90,,,,,,,,,,,,,
,,D1,Green LED,SnapEDA-Library:LTST-C170TGKT,DIOC200X125X110,,LiteOn,,,,,,,,,,,
,,J1,USB A,SnapEDA-Library:48037-0001,MOLEX_48037-0001,,Molex,4.6mm,,,,,D,Manufacturer Recommendations,,,,
,,R1,1.43K Ohms,SnapEDA-Library:RC0603FR-071K43L,RC0603FR-071K43L_RESC1608X55N,,,,,,,,,,,,,
,,R2,3.01K Ohms,SnapEDA-Library:RC0603FR-073K01L,RESC1608X60N,,,,RC0603FR-073K01L,-,77M0515,,,,Yageo,±1%,3.01K Ohms,1/10 W
,,R3,1.43K Ohms,SnapEDA-Library:RC0603FR-071K43L,RC0603FR-071K43L_RESC1608X55N,,,,,,,,,,,,,
,,R4,1.43K Ohms,SnapEDA-Library:RC0603FR-071K43L,RC0603FR-071K43L_RESC1608X55N,,,,,,,,,,,,,
,,R5,3.01M Ohms,SnapEDA-Library:RC0603FR-073M01L,RESC1608X55N,,,,,,,,,,,,,
,,U1,Op Amp,SnapEDA-Library:MCP6021T-E{slash}OT,SOT95P270X145-5N,,,,,,,,,,,,,
,,U2,LinReg,SnapEDA-Library:MCP1702T-3302E{slash}CB,SOT95P255X145-3N,,,,MCP1702T-3302E/CB,1331490,84R5179,SOT23-3,,,Microchip,,,
,,,,,,,,,,,,,,,,,,
,,,,,,,,,,,,,,,,,,
,,,,,,,,,,,,,,,,,,
Collated Components:,,,,,,,,,,,,,,,,,,
,,,,,,,,,,,,,,,,,,
Item,Qty,Reference(s),Value,LibPart,Footprint,Datasheet,MANUFACTURER,MAXIMUM_PACKAGE_HEIGHT,MPN,OC_FARNELL,OC_NEWARK,PACKAGE,PARTREV,STANDARD,SUPPLIER,TOLERANCE,VALUE,WATTAGE
1,2,"C1, C3",1 uF,SnapEDA-Library:C0603C105K3RACTU,CAPC1608X90,,,,,,,,,,,,,
2,1,C2,0.1 uF,SnapEDA-Library:CC0603JRX7R9BB104,CC0603JRX7R9BB104_CAPC1608X90,,,,,,,,,,,,,
3,1,D1,Green LED,SnapEDA-Library:LTST-C170TGKT,DIOC200X125X110,,LiteOn,,,,,,,,,,,
4,1,J1,USB A,SnapEDA-Library:48037-0001,MOLEX_48037-0001,,Molex,4.6mm,,,,,D,Manufacturer Recommendations,,,,
5,3,"R1, R3, R4",1.43K Ohms,SnapEDA-Library:RC0603FR-071K43L,RC0603FR-071K43L_RESC1608X55N,,,,,,,,,,,,,
6,1,R2,3.01K Ohms,SnapEDA-Library:RC0603FR-073K01L,RESC1608X60N,,,,RC0603FR-073K01L,-,77M0515,,,,Yageo,±1%,3.01K Ohms,1/10 W
7,1,R5,3.01M Ohms,SnapEDA-Library:RC0603FR-073M01L,RESC1608X55N,,,,,,,,,,,,,
8,1,U1,Op Amp,SnapEDA-Library:MCP6021T-E{slash}OT,SOT95P270X145-5N,,,,,,,,,,,,,
9,1,U2,LinReg,SnapEDA-Library:MCP1702T-3302E{slash}CB,SOT95P255X145-3N,,,,MCP1702T-3302E/CB,1331490,84R5179,SOT23-3,,,Microchip,,,
